[
  {
    "id": 81,
    "nodeEnDesc": "General  Setup",
    "nodeArDesc": "الإعداد العام",
    "navigationPage": null,
    "sequenceNo": "01",
    "parentNodeId": null,
    "childTreeMenuDTOList": [
      {
        "id": 87,
        "nodeEnDesc": "Accounts Tree",
        "nodeArDesc": "شجرة الحسابات",
        "navigationPage": "accountTree.xhtml",
        "sequenceNo": "0103",
        "parentNodeId": 81,
        "childTreeMenuDTOList": []
      },
      {
        "id": 88,
        "nodeEnDesc": "Budget structure",
        "nodeArDesc": "هيكل الميزانية",
        "navigationPage": "expenseCodeTree.xhtml",
        "sequenceNo": "0104",
        "parentNodeId": 81,
        "childTreeMenuDTOList": []
      },
      {
        "id": 89,
        "nodeEnDesc": "Financial and administrative structure",
        "nodeArDesc": "الهيكل المالي والإداري",
        "navigationPage": "costCodeTree.xhtml",
        "sequenceNo": "0105",
        "parentNodeId": 81,
        "childTreeMenuDTOList": []
      },
      {
        "id": 90,
        "nodeEnDesc": "Business and Application Rules ",
        "nodeArDesc": "صيانة الاحكام والشروط وقواعد النظام",
        "navigationPage": "businessRules/businessRulesTabs.xhtml",
        "sequenceNo": "0106",
        "parentNodeId": 81,
        "childTreeMenuDTOList": []
      },
      {
        "id": 103591,
        "nodeEnDesc": "Objects Type",
        "nodeArDesc": "Objects Type",
        "navigationPage": "generalSetup/objectsType/objectsTypeTabs.xhtml",
        "sequenceNo": "0107",
        "parentNodeId": 81,
        "childTreeMenuDTOList": []
      },
      {
        "id": 103630,
        "nodeEnDesc": "Objects Data",
        "nodeArDesc": "Objects Data",
        "navigationPage": "generalSetup/objectsData/objectsDataTabs.xhtml",
        "sequenceNo": "0108",
        "parentNodeId": 81,
        "childTreeMenuDTOList": []
      },
      {
        "id": 103651,
        "nodeEnDesc": "Committees",
        "nodeArDesc": "اللجان",
        "navigationPage": "generalSetup/committees/committeesTabs.xhtml",
        "sequenceNo": "0109",
        "parentNodeId": 81,
        "childTreeMenuDTOList": []
      }
    ]
  },
  {
    "id": 82,
    "nodeEnDesc": "User Access and Authorization",
    "nodeArDesc": "إدارة المستخدمين والصلاحيات",
    "navigationPage": null,
    "sequenceNo": "02",
    "parentNodeId": null,
    "childTreeMenuDTOList": [
      {
        "id": 83,
        "nodeEnDesc": "Main Menu",
        "nodeArDesc": "القائمة الرئيسية",
        "navigationPage": "applicationTreeTabs.xhtml",
        "sequenceNo": "0201",
        "parentNodeId": 82,
        "childTreeMenuDTOList": []
      },
      {
        "id": 84,
        "nodeEnDesc": "User Groups",
        "nodeArDesc": "مجموعات المستخدمين",
        "navigationPage": "applicationGroupTabs.xhtml",
        "sequenceNo": "0202",
        "parentNodeId": 82,
        "childTreeMenuDTOList": []
      },
      {
        "id": 85,
        "nodeEnDesc": "Users",
        "nodeArDesc": "المستخدمين",
        "navigationPage": "user/userMaintenanceTabs.xhtml",
        "sequenceNo": "0203",
        "parentNodeId": 82,
        "childTreeMenuDTOList": []
      }
    ]
  },
  {
    "id": 95,
    "nodeEnDesc": "Financial system",
    "nodeArDesc": "النظام المالي",
    "navigationPage": null,
    "sequenceNo": "03",
    "parentNodeId": null,
    "childTreeMenuDTOList": [
      {
        "id": 96,
        "nodeEnDesc": "Accounts",
        "nodeArDesc": "الحسابات",
        "navigationPage": null,
        "sequenceNo": "0301",
        "parentNodeId": 95,
        "childTreeMenuDTOList": [
          {
            "id": 97,
            "nodeEnDesc": "General Accounting",
            "nodeArDesc": "العمليات المالية العامة",
            "navigationPage": null,
            "sequenceNo": "030101",
            "parentNodeId": 96,
            "childTreeMenuDTOList": [
              {
                "id": 102604,
                "nodeEnDesc": "Sarf General",
                "nodeArDesc": "اذن الصرف العام",
                "navigationPage": "finance/accounting/generalAccounting/sarf/sarfGeneralTabs.xhtml",
               "sequenceNo": "03010101",
                "parentNodeId": 97,
                "childTreeMenuDTOList": []
              },
              {
                "id": 102693,
                "nodeEnDesc": "General Payment Order",
                "nodeArDesc": "أوامر الدفع البنكية العامة",
                "navigationPage": "finance/accounting/generalAccounting/payment/PaymentGeneralTabs.xhtml",
                "sequenceNo": "03010102",
                "parentNodeId": 97,
                "childTreeMenuDTOList": []
              },
              {
                "id": 102606,
                "nodeEnDesc": "Tasweya General",
                "nodeArDesc": "اذن التسوية العام",
                "navigationPage": "finance/accounting/generalAccounting/tasweya/tasweyaGeneralTabs.xhtml",
                "sequenceNo": "03010103",
                "parentNodeId": 97,
                "childTreeMenuDTOList": []
              },
              {
                "id": 102697,
                "nodeEnDesc": "Tasweya Permission For Sarf General",
                "nodeArDesc": "إذن تسوية إذن الصرف العام",
                "navigationPage": "finance/accounting/generalAccounting/tasweyaForSarf/tasweyaPaymentGeneralTabs.xhtml",
                "sequenceNo": "03010104",
                "parentNodeId": 97,
                "childTreeMenuDTOList": []
              },
              {
                "id": 102607,
                "nodeEnDesc": "Tasweya Exchange",
                "nodeArDesc": "اذن تسوية سعر الصرف",
                "navigationPage": "finance/accounting/generalAccounting/tasweyaExchange/tasweyaExchangeRateTabs.xhtml",
                "sequenceNo": "03010105",
                "parentNodeId": 97,
                "childTreeMenuDTOList": []
              }
            ]
          },
          {
            "id": 100,
            "nodeEnDesc": "Cash Book",
            "nodeArDesc": "العمليات المالية للصندوق",
            "navigationPage": null,
            "sequenceNo": "030104",
            "parentNodeId": 96,
            "childTreeMenuDTOList": [
              {
                "id": 737,
                "nodeEnDesc": "Recive Request",
                "nodeArDesc": "طلب تحصيل",
                "navigationPage": "finance/accounting/cashbook/reciveRequestTabs.xhtml",
                "sequenceNo": "03010401",
                "parentNodeId": 100,
                "childTreeMenuDTOList": []
              },
              {
                "id": 101,
                "nodeEnDesc": "Receive Order",
                "nodeArDesc": "امر القبض",
                "navigationPage": "finance/accounting/cashbook/reciveOrderTabs.xhtml",
                "sequenceNo": "03010402",
                "parentNodeId": 100,
                "childTreeMenuDTOList": []
              },
              {
                "id": 102,
                "nodeEnDesc": "Receipt note",
                "nodeArDesc": "إيصال الاستلام",
                "navigationPage": "finance/accounting/cashbook/receiptTabs.xhtml",
                "sequenceNo": "03010403",
                "parentNodeId": 100,
                "childTreeMenuDTOList": []
              },
              {
                "id": 103,
                "nodeEnDesc": "Adjustment  of Bank Deposit",
                "nodeArDesc": "اذن تسوية الايداعات البنكية",
                "navigationPage": "finance/accounting/cashbook/tasweyaIdaaBankyTabs.xhtml",
                "sequenceNo": "03010404",
                "parentNodeId": 100,
                "childTreeMenuDTOList": []
              },
              {
                "id": 943,
                "nodeEnDesc": "Sarf Request",
                "nodeArDesc": "طلب دفع مبلغ",
                "navigationPage": "finance/accounting/cashbook/sarfPermissionRequestTabs.xhtml",
                "sequenceNo": "03010405",
                "parentNodeId": 100,
                "childTreeMenuDTOList": []
              },
              {
                "id": 104,
                "nodeEnDesc": "Fund Payment Order",
                "nodeArDesc": "اذن صرف الصندوق",
                "navigationPage": "finance/accounting/cashbook/sarfPermissionTabs.xhtml",
                "sequenceNo": "03010406",
                "parentNodeId": 100,
                "childTreeMenuDTOList": []
              },
              {
                "id": 105,
                "nodeEnDesc": "Fund Transfer",
                "nodeArDesc": "حوالة على الصندوق",
                "navigationPage": "finance/accounting/cashbook/hewalaTabs.xhtml",
                "sequenceNo": "03010407",
                "parentNodeId": 100,
                "childTreeMenuDTOList": []
              }
            ]
          },
          {
            "id": 106,
            "nodeEnDesc": "Financial operations of the bank accounts",
            "nodeArDesc": "العمليات المالية للحسابات البنكية",
            "navigationPage": null,
            "sequenceNo": "030105",
            "parentNodeId": 96,
            "childTreeMenuDTOList": [
              {
                "id": 107,
                "nodeEnDesc": "Custody",
                "nodeArDesc": "العهد",
                "navigationPage": null,
                "sequenceNo": "03010501",
                "parentNodeId": 106,
                "childTreeMenuDTOList": [
                  {
                    "id": 108,
                    "nodeEnDesc": "Feeding bank accounts",
                    "nodeArDesc": "تغذية الحساب البنكي",
                    "navigationPage": null,
                    "sequenceNo": "0301050101",
                    "parentNodeId": 107,
                    "childTreeMenuDTOList": [
                      {
                        "id": 1769,
                        "nodeEnDesc": "Bank accounts feeds Request",
                        "nodeArDesc": "طلب تغذية الحساب البنكي",
                        "navigationPage": "finance/accounting/bankFeed/bankFeedsRequest.xhtml",
                        "sequenceNo": "030105010103",
                        "parentNodeId": 108,
                        "childTreeMenuDTOList": []
                      },
                      {
                        "id": 117,
                        "nodeEnDesc": "External Kashf List",
                        "nodeArDesc": "كشف الإستعاضة",
                        "navigationPage": "finance/accounting/bankfeedCycle/kashfExternal/kashfExternalTabs.xhtml",
                        "sequenceNo": "030105010104",
                        "parentNodeId": 108,
                        "childTreeMenuDTOList": []
                      },
                      {
                        "id": 102711,
                        "nodeEnDesc": "Sarf Permission Bank Feeds",
                        "nodeArDesc": "إذن صرف تغذية الحساب البنكي",
                        "navigationPage": null,
                        "sequenceNo": "030105010107",
                        "parentNodeId": 108,
                        "childTreeMenuDTOList": [
                          {
                            "id": 102754,
                            "nodeEnDesc": "Sarf Bank Feeds Main \\ Payroll",
                            "nodeArDesc": "إذن الصرف - رئيسي / رواتب",
                            "navigationPage": "finance/accounting/bankfeedCycle/sarf/main/sarfBankFeedMainTabs.xhtml",
                            "sequenceNo": "03010501010701",
                            "parentNodeId": 102711,
                            "childTreeMenuDTOList": []
                          },
                          {
                            "id": 102755,
                            "nodeEnDesc": "Sarf Permission Bank Feeds Taaweed",
                            "nodeArDesc": "إذن الصرف - تعويض",
                            "navigationPage": "finance/accounting/bankfeedCycle/sarf/taaweed/sarfBankFeedTaaweedTabs.xhtml",
                            "sequenceNo": "03010501010702",
                            "parentNodeId": 102711,
                            "childTreeMenuDTOList": []
                          }
                        ]
                      },
                      {
                        "id": 102719,
                        "nodeEnDesc": "Shehada for Bank Feed",
                        "nodeArDesc": "شهادات تغذية الحساب البنكي",
                        "navigationPage": "finance/accounting/bankfeedCycle/payment/paymentBankFeedTabs.xhtml",
                        "sequenceNo": "030105010108",
                        "parentNodeId": 108,
                        "childTreeMenuDTOList": []
                      },
                      {
                        "id": 102729,
                        "nodeEnDesc": "Bank Feed Tasweya",
                        "nodeArDesc": "تسوية الشهادات",
                        "navigationPage": null,
                        "sequenceNo": "030105010110",
                        "parentNodeId": 108,
                        "childTreeMenuDTOList": [
                          {
                            "id": 102730,
                            "nodeEnDesc": "Sadad",
                            "nodeArDesc": "سداد",
                            "navigationPage": "finance/accounting/bankfeedCycle/tasweya/tasweyaSadadTabs.xhtml",
                            "sequenceNo": "03010501011001",
                            "parentNodeId": 102729,
                            "childTreeMenuDTOList": []
                          },
                          {
                            "id": 102739,
                            "nodeEnDesc": "Taaweed",
                            "nodeArDesc": "تعويض",
                            "navigationPage": "finance/accounting/bankfeedCycle/tasweya/tasweyaTaaweedTabs.xhtml",
                            "sequenceNo": "03010501011002",
                            "parentNodeId": 102729,
                            "childTreeMenuDTOList": []
                          },
                          {
                            "id": 103002,
                            "nodeEnDesc": "Tasweya Payroll Shehada\\Main Solfa",
                            "nodeArDesc": "شهادة الرواتب/السلفة الرئيسية",
                            "navigationPage": "finance/accounting/bankfeedCycle/tasweya/tasweyaShehadaMainTabs.xhtml",
                            "sequenceNo": "03010501011003",
                            "parentNodeId": 102729,
                            "childTreeMenuDTOList": []
                          }
                        ]
                      }
                    ]
                  },
                  {
                    "id": 112,
                    "nodeEnDesc": "Internal Custody",
                    "nodeArDesc": "العهد الداخلية",
                    "navigationPage": null,
                    "sequenceNo": "0301050102",
                    "parentNodeId": 107,
                    "childTreeMenuDTOList": [
                      {
                        "id": 1906,
                        "nodeEnDesc": "Solfa Request",
                        "nodeArDesc": "طلب سلفة",
                        "navigationPage": "finance/accounting/custodyCycle/solfaRequest/solfaRequestTabs.xhtml",
                        "sequenceNo": "030105010204",
                        "parentNodeId": 112,
                        "childTreeMenuDTOList": []
                      },
                      {
                        "id": 102687,
                        "nodeEnDesc": "Solfa Qarar",
                        "nodeArDesc": "قرار سلفة",
                        "navigationPage": "finance/accounting/custodyCycle/qarar/qararCustodyTabs.xhtml",
                        "sequenceNo": "030105010205",
                        "parentNodeId": 112,
                        "childTreeMenuDTOList": []
                      },
                      {
                        "id": 102677,
                        "nodeEnDesc": "Custody Payment Order",
                        "nodeArDesc": "أوامر الدفع البنكية للعهد التشغيلية",
                        "navigationPage": "finance/accounting/custodyCycle/payment/paymentCustodyTabs.xhtml",
                        "sequenceNo": "030105010207",
                        "parentNodeId": 112,
                        "childTreeMenuDTOList": []
                      },
                      {
                        "id": 102705,
                        "nodeEnDesc": "Tasweya Qarar Custody",
                        "nodeArDesc": "تسوية قرار العهد التشغيلية",
                        "navigationPage": "finance/accounting/custodyCycle/tasweya/tasweyaQararCustodyTabs.xhtml",
                        "sequenceNo": "030105010210",
                        "parentNodeId": 112,
                        "childTreeMenuDTOList": []
                      },
                      {
                        "id": 103036,
                        "nodeEnDesc": "Sarf Permission Custody",
                        "nodeArDesc": "إذن صرف العهد التشغيلية",
                        "navigationPage": null,
                        "sequenceNo": "030105010213",
                        "parentNodeId": 112,
                        "childTreeMenuDTOList": [
                          {
                            "id": 102668,
                            "nodeEnDesc": "Sarf - Main",
                            "nodeArDesc": "صرف رئيسي",
                            "navigationPage": "finance/accounting/custodyCycle/sarf/sarfCustodyTabs.xhtml",
                            "sequenceNo": "03010501021301",
                            "parentNodeId": 103036,
                            "childTreeMenuDTOList": []
                          },
                          {
                            "id": 102990,
                            "nodeEnDesc": "Sarf - Taaweed",
                            "nodeArDesc": "صرف تعويض",
                            "navigationPage": "finance/accounting/custodyCycle/sarfTaaweed/sarfCustodyTabs.xhtml",
                            "sequenceNo": "03010501021302",
                            "parentNodeId": 103036,
                            "childTreeMenuDTOList": []
                          }
                        ]
                      },
                      {
                        "id": 103037,
                        "nodeEnDesc": "Tasweya Permission Custody",
                        "nodeArDesc": "إذن تسوية العهد التشغيلية",
                        "navigationPage": null,
                        "sequenceNo": "030105010214",
                        "parentNodeId": 112,
                        "childTreeMenuDTOList": [
                          {
                            "id": 102681,
                            "nodeEnDesc": "Tasweya - Main",
                            "nodeArDesc": "تسوية رئيسي",
                            "navigationPage": "finance/accounting/custodyCycle/tasweya/tasweyaPaymentCustodyTabs.xhtml",
                            "sequenceNo": "03010501021401",
                            "parentNodeId": 103037,
                            "childTreeMenuDTOList": []
                          },
                          {
                            "id": 103030,
                            "nodeEnDesc": "Tasweya - Taaweed",
                            "nodeArDesc": "تسوية تعويض",
                            "navigationPage": "finance/accounting/custodyCycle/tasweya/tasweyaPaymentCustodyTaaweedTabs.xhtml",
                            "sequenceNo": "03010501021402",
                            "parentNodeId": 103037,
                            "childTreeMenuDTOList": []
                          }
                        ]
                      }
                    ]
                  }
                ]
              },
              {
                "id": 118,
                "nodeEnDesc": "Universities and institutes",
                "nodeArDesc": "الجامعات والمعاهد",
                "navigationPage": null,
                "sequenceNo": "03010502",
                "parentNodeId": 106,
                "childTreeMenuDTOList": [
                  {
                    "id": 119,
                    "nodeEnDesc": "Scholarship  Decision",
                    "nodeArDesc": "قرار الابتعاث",
                    "navigationPage": "qararScholarshipTabs.xhtml",
                    "sequenceNo": "0301050201",
                    "parentNodeId": 118,
                    "childTreeMenuDTOList": []
                  },
                  {
                    "id": 120,
                    "nodeEnDesc": "Scholarship Payment Order",
                    "nodeArDesc": "اذن الصرف الابتعاث",
                    "navigationPage": "finance/accounting/scholarship/sarf/sarfScholarshipTabs.xhtml",
                    "sequenceNo": "0301050202",
                    "parentNodeId": 118,
                    "childTreeMenuDTOList": []
                  },
                  {
                    "id": 121,
                    "nodeEnDesc": "Universities and institutes Remittances",
                    "nodeArDesc": "اوامر الدفع البنكية للجامعات والمعاهد",
                    "navigationPage": "qararScholarshipSarfBankyPayOrderTabs.xhtml",
                    "sequenceNo": "0301050203",
                    "parentNodeId": 118,
                    "childTreeMenuDTOList": []
                  },
                  {
                    "id": 102910,
                    "nodeEnDesc": "Scholarship Payment",
                    "nodeArDesc": "امر دفع الابتعاث",
                    "navigationPage": "finance/accounting/scholarship/payment/paymentScholarshipTabs.xhtml",
                    "sequenceNo": "0301050204",
                    "parentNodeId": 118,
                    "childTreeMenuDTOList": []
                  },
                  {
                    "id": 102914,
                    "nodeEnDesc": "scholarship Tasweya",
                    "nodeArDesc": "اذن تسوية قرار الابتعاث",
                    "navigationPage": "finance/accounting/scholarship/tasweya/tasweyaScholarshipTabs.xhtml",
                    "sequenceNo": "0301050205",
                    "parentNodeId": 118,
                    "childTreeMenuDTOList": []
                  }
                ]
              },
              {
                "id": 122,
                "nodeEnDesc": "Companies and institutions and individuals",
                "nodeArDesc": "الشركات والمؤسسات والافراد",
                "navigationPage": null,
                "sequenceNo": "03010503",
                "parentNodeId": 106,
                "childTreeMenuDTOList": [
                  {
                    "id": 102638,
                    "nodeEnDesc": "Sarf Permission",
                    "nodeArDesc": "إذن الصرف",
                    "navigationPage": "finance/accounting/companyCycle/sarf/sarfCompanyTabs.xhtml",
                    "sequenceNo": "0301050303",
                    "parentNodeId": 122,
                    "childTreeMenuDTOList": []
                  },
                  {
                    "id": 102639,
                    "nodeEnDesc": "Payment Order",
                    "nodeArDesc": "أوامر الدفع البنكية",
                    "navigationPage": "finance/accounting/companyCycle/payment/paymentCompanyTabs.xhtml",
                    "sequenceNo": "0301050304",
                    "parentNodeId": 122,
                    "childTreeMenuDTOList": []
                  },
                  {
                    "id": 102640,
                    "nodeEnDesc": "Companies and institutions and individuals tasweya permission",
                    "nodeArDesc": "إذن تسوية الشركات والمؤسسات والأفراد",
                    "navigationPage": "finance/accounting/companyCycle/tasweya/tasweyaPaymentCompanyTabs.xhtml",
                    "sequenceNo": "0301050305",
                    "parentNodeId": 122,
                    "childTreeMenuDTOList": []
                  }
                ]
              }
            ]
          },
          {
            "id": 102970,
            "nodeEnDesc": "Reports",
            "nodeArDesc": "التقارير",
            "navigationPage": null,
            "sequenceNo": "030106",
            "parentNodeId": 96,
            "childTreeMenuDTOList": [
              {
                "id": 102971,
                "nodeEnDesc": "Statistical reports",
                "nodeArDesc": "التقارير الاحصائية",
                "navigationPage": null,
                "sequenceNo": "03010601",
                "parentNodeId": 102970,
                "childTreeMenuDTOList": [
                  {
                    "id": 102973,
                    "nodeEnDesc": "Bank Accounts Available balance",
                    "nodeArDesc": "الرصيد المتاح للحسابات البنكية",
                    "navigationPage": "finance/report/bankAccountsBalanceTab.xhtml",
                    "sequenceNo": "0301060101",
                    "parentNodeId": 102971,
                    "childTreeMenuDTOList": []
                  },
                  {
                    "id": 102998,
                    "nodeEnDesc": "General Tasweya Records",
                   "nodeArDesc": "سجل التسويات العامة",
                    "navigationPage": "finance/report/generalTaweyaTab.xhtml",
                    "sequenceNo": "0301060102",
                    "parentNodeId": 102971,
                    "childTreeMenuDTOList": []
                  },
                  {
                    "id": 103000,
                    "nodeEnDesc": "Sarf Orders",
                    "nodeArDesc": "سجل اوامر الصرف",
                    "navigationPage": "finance/report/sarfOrderTab.xhtml",
                    "sequenceNo": "0301060104",
                    "parentNodeId": 102971,
                    "childTreeMenuDTOList": []
                  },
                  {
                   "id": 103001,
                    "nodeEnDesc": "Payment Order",
                    "nodeArDesc": "سجل اوامر الدفع",
                    "navigationPage": "finance/report/paymentOrderTab.xhtml",
                    "sequenceNo": "0301060105",
                    "parentNodeId": 102971,
                    "childTreeMenuDTOList": []
                  },
                  {
                    "id": 103010,
                    "nodeEnDesc": "Custody Report",
                    "nodeArDesc": "تقارير العهدة",
                    "navigationPage": "finance/report/custodyTab.xhtml",
                    "sequenceNo": "0301060106",
                    "parentNodeId": 102971,
                    "childTreeMenuDTOList": []
                  },
                  {
                    "id": 103011,
                    "nodeEnDesc": "Cash Book",
                    "nodeArDesc": "سجل الصندوق",
                    "navigationPage": "finance/report/cashBook/cashBookTabs.xhtml",
                    "sequenceNo": "0301060107",
                    "parentNodeId": 102971,
                    "childTreeMenuDTOList": []
                  }
                ]
              }
            ]
          },
          {
            "id": 103950,
            "nodeEnDesc": "Temporary Cards",
            "nodeArDesc": "البطاقات المؤقتة",
            "navigationPage": null,
            "sequenceNo": "030107",
            "parentNodeId": 96,
            "childTreeMenuDTOList": [
              {
                "id": 103870,
                "nodeEnDesc": "Sarf Temporary Cards",
                "nodeArDesc": "صرف مبالغ البطاقات المؤقتة",
                "navigationPage": "finance/accounting/cashbook/sarfTemporaryCards/sarfTemporaryCardsTabs.xhtml",
                "sequenceNo": "03010701",
                "parentNodeId": 103950,
                "childTreeMenuDTOList": []
              },
              {
                "id": 103930,
                "nodeEnDesc": "Tasweya -  Qarar Temporary Cards",
                "nodeArDesc": "تسوية قرار مبالغ البطاقات المؤقتة",
                "navigationPage": "finance/accounting/custodyCycle/tasweyaTemporaryCards/tasweyaTemporaryCardsTabs.xhtml",
                "sequenceNo": "03010702",
                "parentNodeId": 103950,
                "childTreeMenuDTOList": []
              }
            ]
          },
          {
            "id": 2051,
            "nodeEnDesc": "Payroll",
            "nodeArDesc": "الـرواتــــب",
            "navigationPage": null,
            "sequenceNo": "0306",
            "parentNodeId": 96,
            "childTreeMenuDTOList": [
              {
                "id": 102241,
                "nodeEnDesc": "Unworthy Amounts Processing",
                "nodeArDesc": "معالجة الرواتب الغير مستحقة",
                "navigationPage": "finance/payroll/unworthyAmounts/unworthyAmountsTabs.xhtml",
                "sequenceNo": "03060102",
                "parentNodeId": 2051,
                "childTreeMenuDTOList": []
              },
              {
                "id": 2078,
                "nodeEnDesc": "Salary Solfa Request",
                "nodeArDesc": "سلفة على الراتب",
                "navigationPage": null,
                "sequenceNo": "030602",
                "parentNodeId": 2051,
                "childTreeMenuDTOList": [
                  {
                    "id": 2079,
                    "nodeEnDesc": "Payroll Solfa Request",
                    "nodeArDesc": "طلب سلفة على الراتب",
                    "navigationPage": "finance/payroll/salarySolfa/salarySolfaRequestTabs.xhtml",
                    "sequenceNo": "03060201",
                    "parentNodeId": 2078,
                    "childTreeMenuDTOList": []
                  },
                  {
                    "id": 2108,
                    "nodeEnDesc": "Payroll Solfa Qarar",
                    "nodeArDesc": "قــرارات السلفــة",
                    "navigationPage": "finance/payroll/salarySolfa/salarySolfaQararTabs.xhtml",
                    "sequenceNo": "03060202",
                    "parentNodeId": 2078,
                    "childTreeMenuDTOList": []
                  },
                  {
                    "id": 102790,
                    "nodeEnDesc": "Employee salary solfa sarf",
                    "nodeArDesc": "إذن صرف سلف الرواتب",
                    "navigationPage": "finance/payroll/salarySolfa/sarf/sarfSolfaTabs.xhtml",
                    "sequenceNo": "03060204",
                    "parentNodeId": 2078,
                    "childTreeMenuDTOList": []
                  },
                  {
                    "id": 102797,
                    "nodeEnDesc": "Payment salary solfa",
                    "nodeArDesc": "أمر الدفع البنكي للسلف",
                    "navigationPage": "finance/payroll/salarySolfa/payment/paymentSolfaTabs.xhtml",
                    "sequenceNo": "03060205",
                    "parentNodeId": 2078,
                    "childTreeMenuDTOList": []
                  },
                  {
                    "id": 102817,
                    "nodeEnDesc": "Tasweya salary solfa",
                    "nodeArDesc": "تسوية سلف الرواتب",
                    "navigationPage": "finance/payroll/salarySolfa/tasweya/tasweyaSalarySolfaTabs.xhtml",
                    "sequenceNo": "03060206",
                    "parentNodeId": 2078,
                    "childTreeMenuDTOList": []
                  }
                ]
              },
              {
                "id": 2110,
                "nodeEnDesc": "Salary Deduction",
                "nodeArDesc": "استقطاع على الراتب",
                "navigationPage": null,
                "sequenceNo": "030603",
                "parentNodeId": 2051,
                "childTreeMenuDTOList": [
                  {
                    "id": 2111,
                    "nodeEnDesc": "Salary Deduction Request",
                    "nodeArDesc": "طلب استقطاع من الراتب",
                    "navigationPage": "finance/payroll/salaryDeduction/salaryDeductionRequestTabs.xhtml",
                    "sequenceNo": "03060301",
                    "parentNodeId": 2110,
                    "childTreeMenuDTOList": []
                  },
                  {
                    "id": 2112,
                    "nodeEnDesc": "Salary Deduction Qarar",
                    "nodeArDesc": "قرارات الاستقطاع",
                    "navigationPage": "finance/payroll/salaryDeduction/salaryDeductionQararTabs.xhtml",
                    "sequenceNo": "03060302",
                    "parentNodeId": 2110,
                    "childTreeMenuDTOList": []
                  },
                  {
                    "id": 102843,
                    "nodeEnDesc": "Deduction Sarf",
                    "nodeArDesc": "إذن صرف مستفيدي الإستقطاع",
                    "navigationPage": "finance/payroll/salaryDeduction/sarf/salaryDeductionSarfTabs.xhtml",
                    "sequenceNo": "03060303",
                    "parentNodeId": 2110,
                    "childTreeMenuDTOList": []
                  },
                  {
                    "id": 102850,
                    "nodeEnDesc": "Deduction Payment",
                    "nodeArDesc": "أمر الدفع البنكي للاستقطاع",
                    "navigationPage": "finance/payroll/salaryDeduction/payment/salaryDeductionPaymentTabs.xhtml",
                    "sequenceNo": "03060304",
                    "parentNodeId": 2110,
                    "childTreeMenuDTOList": []
                  },
                  {
                    "id": 102890,
                    "nodeEnDesc": "Tasweya Deduction",
                    "nodeArDesc": "تسوية الإستقطاع",
                    "navigationPage": "finance/payroll/salaryDeduction/tasweya/tasweyaSalaryDeductionTabs.xhtml",
                    "sequenceNo": "03060305",
                    "parentNodeId": 2110,
                    "childTreeMenuDTOList": []
                  },
                  {
                    "id": 102902,
                    "nodeEnDesc": "Tasweya Deduction Direct",
                    "nodeArDesc": "إذن التسوية المباشرة للإستقطاع",
                    "navigationPage": "finance/payroll/salaryDeduction/tasweyaDirect/tasweyaDirectDeductionTabs.xhtml",
                    "sequenceNo": "03060306",
                    "parentNodeId": 2110,
                    "childTreeMenuDTOList": []
                  }
                ]
              },
              {
                "id": 102773,
                "nodeEnDesc": "Salary Sarf",
                "nodeArDesc": "صرف الرواتب",
                "navigationPage": null,
                "sequenceNo": "03060309",
                "parentNodeId": 2051,
                "childTreeMenuDTOList": [
                  {
                    "id": 102762,
                    "nodeEnDesc": "Salary Sarf Permission",
                    "nodeArDesc": "اذن صرف الرواتب",
                    "navigationPage": "finance/payroll/salarySarf/sarf/salarySarfTabs.xhtml",
                    "sequenceNo": "0306030901",
                    "parentNodeId": 102773,
                    "childTreeMenuDTOList": []
                  },
                  {
                    "id": 102782,
                    "nodeEnDesc": "Payment Order",
                    "nodeArDesc": "امر الدفع البنكى",
                    "navigationPage": "finance/payroll/salarySarf/payment/salaryPaymentTabs.xhtml",
                    "sequenceNo": "0306030902",
                    "parentNodeId": 102773,
                    "childTreeMenuDTOList": []
                  },
                  {
                    "id": 102801,
                    "nodeEnDesc": "Tasweya Salary",
                    "nodeArDesc": "تسوية الرواتب",
                    "navigationPage": "finance/payroll/salarySarf/taswya/taswyaSalaryTabs.xhtml",
                    "sequenceNo": "0306030903",
                    "parentNodeId": 102773,
                    "childTreeMenuDTOList": []
                  }
                ]
              },
              {
                "id": 2178,
                "nodeEnDesc": "Salary Deduction Schedule Maintain",
                "nodeArDesc": "تعديل جدولة خصومات الرواتب",
                "navigationPage": "finance/payroll/deductionSchedule/deductionScheduleTabs.xhtml",
                "sequenceNo": "030604",
                "parentNodeId": 2051,
                "childTreeMenuDTOList": []
              },
              {
                "id": 102930,
                "nodeEnDesc": "Unworthy payroll",
                "nodeArDesc": "رواتب غير مستحقة",
                "navigationPage": null,
                "sequenceNo": "030609",
                "parentNodeId": 2051,
                "childTreeMenuDTOList": [
                  {
                    "id": 102931,
                    "nodeEnDesc": "Sarf unworthy payroll",
                    "nodeArDesc": "صرف رواتب غير مستحقة",
                    "navigationPage": "finance/payroll/unworthy/sarf/salaryUnworthySarfTabs.xhtml",
                    "sequenceNo": "03060901",
                    "parentNodeId": 102930,
                    "childTreeMenuDTOList": []
                  },
                  {
                    "id": 102938,
                    "nodeEnDesc": "Unworthy payment",
                    "nodeArDesc": "أمر الدفع البنكي للرواتب الغير مستحقة",
                    "navigationPage": "finance/payroll/unworthy/payment/paymentUnworthyTabs.xhtml",
                    "sequenceNo": "03060902",
                    "parentNodeId": 102930,
                    "childTreeMenuDTOList": []
                  }
                ]
              }
            ]
          }
        ]
      },
      {
        "id": 138,
        "nodeEnDesc": "Budget System",
        "nodeArDesc": "نظام الميزانية",
        "navigationPage": null,
        "sequenceNo": "0302",
        "parentNodeId": 95,
        "childTreeMenuDTOList": [
          {
            "id": 140,
            "nodeEnDesc": "Budget Maintenance",
            "nodeArDesc": "صيانة الميزانية",
            "navigationPage": "BudgetSetup.xhtml",
            "sequenceNo": "030202",
            "parentNodeId": 138,
            "childTreeMenuDTOList": []
          },
          {
            "id": 541,
            "nodeEnDesc": "Budget Excel uploader",
            "nodeArDesc": "إدخال بيانات ميزانية من ملف",
            "navigationPage": "BudgetExcelUpload.xhtml",
            "sequenceNo": "030203",
            "parentNodeId": 138,
            "childTreeMenuDTOList": []
          },
          {
            "id": 921,
            "nodeEnDesc": "External transferes",
            "nodeArDesc": "مناقلات خارجية",
            "navigationPage": "finance/budget/transfereExternalMain.xhtml",
            "sequenceNo": "030204",
            "parentNodeId": 138,
            "childTreeMenuDTOList": []
          },
          {
            "id": 1690,
            "nodeEnDesc": "Internal transfers",
            "nodeArDesc": "المناقلات الداخلية",
            "navigationPage": "finance/budget/transfereInternalMain.xhtml",
            "sequenceNo": "030205",
            "parentNodeId": 138,
            "childTreeMenuDTOList": []
          }
        ]
      },
      {
        "id": 102594,
        "nodeEnDesc": "Accounts Status",
        "nodeArDesc": "حالة الحسابات",
        "navigationPage": "finance/accountsStatus/accountStatusTabs.xhtml",
        "sequenceNo": "0303",
        "parentNodeId": 95,
        "childTreeMenuDTOList": []
      },
      {
       "id": 103310,
        "nodeEnDesc": "Department Solfa Request",
        "nodeArDesc": "طلبات سلف الإدارات",
        "navigationPage": null,
        "sequenceNo": "0304",
        "parentNodeId": 95,
        "childTreeMenuDTOList": [
          {
            "id": 103210,
            "nodeEnDesc": "Department Solfa Request",
            "nodeArDesc": "طلب سلف الإدارات",
            "navigationPage": "finance/accounting/custodyCycle/deptSolfaRequest/deptSolfaRequestTabs.xhtml",
            "sequenceNo": "030401",
            "parentNodeId": 103310,
            "childTreeMenuDTOList": []
          }
        ]
      }
    ]
  },
  {
    "id": 143,
    "nodeEnDesc": "Human Resource Module",
    "nodeArDesc": "نظام الموارد البشريه",
    "navigationPage": null,
    "sequenceNo": "04",
    "parentNodeId": null,
    "childTreeMenuDTOList": [
      {
        "id": 144,
        "nodeEnDesc": "Planning",
        "nodeArDesc": "التخطيط",
        "navigationPage": null,
        "sequenceNo": "0401",
        "parentNodeId": 143,
        "childTreeMenuDTOList": [
          {
            "id": 149,
            "nodeEnDesc": "Establishment Change Request",
            "nodeArDesc": "طلب تعديل الوظائف",
            "navigationPage": "hr/ecr/ecrTabs.xhtml",
            "sequenceNo": "040101",
            "parentNodeId": 144,
            "childTreeMenuDTOList": []
          },
          {
            "id": 1788,
            "nodeEnDesc": "Posts Follow-Up",
            "nodeArDesc": "متابعة الهيكل الوظيفي",
            "navigationPage": "hr/ecr/postFollowUp/postFollowUpTabs.xhtml",
            "sequenceNo": "040102",
            "parentNodeId": 144,
            "childTreeMenuDTOList": []
          },
          {
            "id": 103352,
            "nodeEnDesc": "Job Description",
            "nodeArDesc": "الوصف الوظيفي",
            "navigationPage": "hr/planning/jobDescription/jobDescriptionTabs.xhtml",
            "sequenceNo": "040103",
            "parentNodeId": 144,
            "childTreeMenuDTOList": []
          },
          {
            "id": 103610,
            "nodeEnDesc": "Job title",
            "nodeArDesc": "المسمى الوظيفي",
            "navigationPage": "hr/planning/jobTitle/jobTitleTabs.xhtml",
            "sequenceNo": "040104",
            "parentNodeId": 144,
            "childTreeMenuDTOList": []
          },
          {
            "id": 103970,
            "nodeEnDesc": "Staffing Plan",
            "nodeArDesc": "تخطيط القوى العاملة",
            "navigationPage": "hr/planning/staffingPlan/staffingPlanTabs.xhtml",
            "sequenceNo": "040105",
            "parentNodeId": 144,
            "childTreeMenuDTOList": []
          },
          {
            "id": 104150,
            "nodeEnDesc": "Job Description Employee Approval",
            "nodeArDesc": "موافقة الموظفين على الوصف الوظيفي",
            "navigationPage": "hr/planning/jobDescriptionEmpApproval/jobDescriptionEmpApprovalTabs.xhtml",
            "sequenceNo": "040106",
            "parentNodeId": 144,
            "childTreeMenuDTOList": []
          }
        ]
      },
      {
        "id": 102116,
        "nodeEnDesc": "Personnel",
        "nodeArDesc": "شؤون الموظفين",
        "navigationPage": null,
        "sequenceNo": "0402",
        "parentNodeId": 143,
        "childTreeMenuDTOList": [
          {
            "id": 357,
            "nodeEnDesc": "Employee Desktop",
            "nodeArDesc": "إدارة الموظفين",
            "navigationPage": "hr/personal/employeemaintenance/employeeMaintenanceTabs.xhtml",
            "sequenceNo": "040201",
            "parentNodeId": 102116,
            "childTreeMenuDTOList": []
          },
          {
            "id": 1688,
           "nodeEnDesc": "Assessments",
            "nodeArDesc": "تقييم الاداء",
            "navigationPage": "hr/assessement/AssessementWorkFlow.xhtml",
            "sequenceNo": "040202",
            "parentNodeId": 102116,
            "childTreeMenuDTOList": []
          },
          {
            "id": 2005,
            "nodeEnDesc": "Housing Allowance System",
            "nodeArDesc": "نظام بدل السكن",
            "navigationPage": "hr/housing/housing_allowance.xhtml",
            "sequenceNo": "040203",
            "parentNodeId": 102116,
            "childTreeMenuDTOList": []
          },
          {
            "id": 2081,
            "nodeEnDesc": "Taskeen Requests",
            "nodeArDesc": "طلبات التسكين",
            "navigationPage": "hr/personal/taskeen/taskeenRequestTabs.xhtml",
            "sequenceNo": "040204",
            "parentNodeId": 102116,
            "childTreeMenuDTOList": []
          },
          {
            "id": 1996,
            "nodeEnDesc": "Allowances Requests",
            "nodeArDesc": "طلبات البدلات",
            "navigationPage": "hr/personal/allowances/allowanceRequestTabs.xhtml",
            "sequenceNo": "040205",
            "parentNodeId": 102116,
            "childTreeMenuDTOList": []
          },
          {
            "id": 2114,
            "nodeEnDesc": "Saudization",
            "nodeArDesc": "السعودة",
            "navigationPage": "hr/saudization/WorkFlowSaudization.xhtml",
            "sequenceNo": "040206",
            "parentNodeId": 102116,
            "childTreeMenuDTOList": []
          },
          {
            "id": 102248,
            "nodeEnDesc": "Table Scale Maintenance",
            "nodeArDesc": "صيانة جدول الأجور",
            "navigationPage": "underConstruction.xhtml",
            "sequenceNo": "040208",
            "parentNodeId": 102116,
            "childTreeMenuDTOList": []
          },
          {
            "id": 102249,
            "nodeEnDesc": "Commissioning",
            "nodeArDesc": "التكليف",
            "navigationPage": "hr/personal/commissioning/commissioningQararTabs.xhtml",
            "sequenceNo": "040209",
            "parentNodeId": 102116,
            "childTreeMenuDTOList": []
          },
         {
            "id": 1685,
            "nodeEnDesc": "Employees Certificates",
            "nodeArDesc": "خطابات الموظفين",
            "navigationPage": "hr/employeesCertificates/empCertificates.xhtml",
            "sequenceNo": "040210",
            "parentNodeId": 102116,
            "childTreeMenuDTOList": []
          },
          {
            "id": 102270,
            "nodeEnDesc": "Renewal Contract",
            "nodeArDesc": "تجديد العقود",
            "navigationPage": "hr/personal/renewalContract/allTabs.xhtml",
            "sequenceNo": "040211",
            "parentNodeId": 102116,
            "childTreeMenuDTOList": []
          },
          {
            "id": 102280,
            "nodeEnDesc": "MSD Link/UnLink",
            "nodeArDesc": "MSD Link/UnLink",
            "navigationPage": "hr/msd_link/msd_link_tabs.xhtml",
            "sequenceNo": "040212",
            "parentNodeId": 102116,
            "childTreeMenuDTOList": []
          },
          {
            "id": 102444,
            "nodeEnDesc": "Add Employee",
            "nodeArDesc": "اضافة موظف جديد",
            "navigationPage": "hr/personal/ContractRenew/addNewEmp.xhtml",
            "sequenceNo": "040213",
            "parentNodeId": 102116,
            "childTreeMenuDTOList": []
          },
          {
            "id": 102486,
            "nodeEnDesc": "Qualifications",
            "nodeArDesc": "المؤهلات",
            "navigationPage": "hr/personal/qualification/qualificationTabs.xhtml",
            "sequenceNo": "040214",
            "parentNodeId": 102116,
            "childTreeMenuDTOList": []
          },
          {
            "id": 102477,
            "nodeEnDesc": "Contracts Renewal",
            "nodeArDesc": "تجديد العقود",
            "navigationPage": "hr/personal/ContractRenew/contractRenewTabs.xhtml",
            "sequenceNo": "040215",
            "parentNodeId": 102116,
            "childTreeMenuDTOList": []
          },
          {
            "id": 102517,
            "nodeEnDesc": "Employees Assessments",
            "nodeArDesc": "تقييم الموظفين",
            "navigationPage": "hr/personal/employeesAssessments/employeesAssessments.xhtml",
            "sequenceNo": "040216",
            "parentNodeId": 102116,
            "childTreeMenuDTOList": []
          },
          {
            "id": 103470,
            "nodeEnDesc": "Internal Commissioning Requests",
            "nodeArDesc": "طلبات التكليف الداخلي",
            "navigationPage": "hr/personal/internalCommissioningRequest/internalCommissTabs.xhtml",
            "sequenceNo": "040217",
            "parentNodeId": 102116,
            "childTreeMenuDTOList": []
          },
          {
            "id": 103730,
            "nodeEnDesc": "Employee Transfer Requests",
            "nodeArDesc": "طلبات نقل الموظفين",
            "navigationPage": "hr/personal/employeeTransfer/employeeTransferTabs.xhtml",
            "sequenceNo": "040218",
            "parentNodeId": 102116,
            "childTreeMenuDTOList": []
          },
          {
            "id": 103810,
            "nodeEnDesc": "Report to",
            "nodeArDesc": "الارتباط الاداري",
            "navigationPage": "hr/personal/reportTo/reportToTabs.xhtml",
            "sequenceNo": "040219",
            "parentNodeId": 102116,
            "childTreeMenuDTOList": []
          },
          {
            "id": 103850,
            "nodeEnDesc": "Step Increments",
            "nodeArDesc": "علاوات وقفزات",
            "navigationPage": "hr/personal/stepIncrementsRequest/stepIncrementsTabs.xhtml",
            "sequenceNo": "040220",
            "parentNodeId": 102116,
            "childTreeMenuDTOList": []
          },
          {
            "id": 103510,
            "nodeEnDesc": "Employee Profile",
            "nodeArDesc": "ملف الموظف",
            "navigationPage": "hr/personal/employeeprofile/employeeProfileTabs.xhtml",
            "sequenceNo": "40219",
            "parentNodeId": 102116,
            "childTreeMenuDTOList": []
          }
        ]
      },
      {
        "id": 102117,
        "nodeEnDesc": "Recruitment",
        "nodeArDesc": "التوظيف",
        "navigationPage": null,
        "sequenceNo": "0403",
        "parentNodeId": 143,
        "childTreeMenuDTOList": [
          {
            "id": 155,
            "nodeEnDesc": "Recruitment Request Form RRF",
            "nodeArDesc": "صيانة طلبات التوظيف",
            "navigationPage": "hr/recruitment/recruitmentRequest.xhtml",
            "sequenceNo": "040301",
            "parentNodeId": 102117,
            "childTreeMenuDTOList": []
          },
          {
            "id": 102587,
            "nodeEnDesc": "Recruitment Requests (RRF)",
            "nodeArDesc": "طلبات التوظيف",
            "navigationPage": "hr/recruitment/recruitmentRequest.xhtml",
            "sequenceNo": "040302",
            "parentNodeId": 102117,
            "childTreeMenuDTOList": []
          },
          {
            "id": 102588,
            "nodeEnDesc": "Personnel Department",
            "nodeArDesc": "إدارة شؤون الموظفين",
            "navigationPage": "hr/recruitment/personnel.xhtml",
            "sequenceNo": "040303",
            "parentNodeId": 102117,
            "childTreeMenuDTOList": []
          },
          {
            "id": 102589,
            "nodeEnDesc": "Local Recruitment Department",
            "nodeArDesc": "إدارة التوظيف المحلي",
            "navigationPage": "hr/recruitment/localRecruitment.xhtml",
            "sequenceNo": "040304",
            "parentNodeId": 102117,
            "childTreeMenuDTOList": []
          },
          {
            "id": 102590,
            "nodeEnDesc": "International Recruitment Department",
            "nodeArDesc": "إدارة التوظيف الدولي",
            "navigationPage": "hr/recruitment/internationalRecruitment.xhtml",
            "sequenceNo": "040305",
            "parentNodeId": 102117,
            "childTreeMenuDTOList": []
          },
          {
            "id": 102591,
            "nodeEnDesc": "Tracking",
            "nodeArDesc": "متابعة الطلبات",
            "navigationPage": "hr/recruitment/tracking.xhtml",
            "sequenceNo": "040306",
            "parentNodeId": 102117,
            "childTreeMenuDTOList": []
          },
          {
            "id": 102592,
            "nodeEnDesc": "Final Approvals",
            "nodeArDesc": "الموافقات النهائية",
            "navigationPage": "hr/recruitment/approvals.xhtml",
            "sequenceNo": "040307",
            "parentNodeId": 102117,
            "childTreeMenuDTOList": []
          },
          {
            "id": 102593,
            "nodeEnDesc": "Interview procedures",
            "nodeArDesc": "إجراءات المقابلة",
            "navigationPage": "hr/recruitment/interview.xhtml",
            "sequenceNo": "040308",
            "parentNodeId": 102117,
            "childTreeMenuDTOList": []
          },
          {
            "id": 1668,
            "nodeEnDesc": "New Employee Contract",
            "nodeArDesc": "عقد الموظف الجديد",
            "navigationPage": "hr/contract/contract_tabs.xhtml",
            "sequenceNo": "040309",
            "parentNodeId": 102117,
            "childTreeMenuDTOList": []
          }
        ]
      },
      {
        "id": 163,
        "nodeEnDesc": "Ticketing",
        "nodeArDesc": "التذاكر",
        "navigationPage": null,
        "sequenceNo": "0404",
        "parentNodeId": 143,
        "childTreeMenuDTOList": [
          {
            "id": 651,
            "nodeEnDesc": "New Request",
            "nodeArDesc": "طلب جديد",
            "navigationPage": "hr/ticketing/leaveTabs.xhtml",
            "sequenceNo": "040401",
            "parentNodeId": 163,
            "childTreeMenuDTOList": []
          },
          {
            "id": 1775,
            "nodeEnDesc": "Ticket Follow-Up",
            "nodeArDesc": "متابعة طلبات التذاكر",
            "navigationPage": "hr/ticketing/ticketFollowupTabs.xhtml",
            "sequenceNo": "040402",
            "parentNodeId": 163,
            "childTreeMenuDTOList": []
          },
          {
            "id": 650,
            "nodeEnDesc": "Ticket Requests",
            "nodeArDesc": "طلبات التذاكر",
            "navigationPage": null,
            "sequenceNo": "040403",
            "parentNodeId": 163,
            "childTreeMenuDTOList": [
              {
                "id": 652,
                "nodeEnDesc": "Dependents",
                "nodeArDesc": "المرافقين",
                "navigationPage": "hr/ticketing/dependents.xhtml",
                "sequenceNo": "04040301",
                "parentNodeId": 650,
                "childTreeMenuDTOList": []
              },
              {
                "id": 653,
                "nodeEnDesc": "International Contract",
                "nodeArDesc": "العقود الدولية",
                "navigationPage": "hr/ticketing/internationalContract.xhtml",
                "sequenceNo": "04040302",
                "parentNodeId": 650,
                "childTreeMenuDTOList": []
              },
              {
                "id": 654,
                "nodeEnDesc": "End Of Contract",
                "nodeArDesc": "إنهاء العقود",
                "navigationPage": "hr/ticketing/endOfContract.xhtml",
                "sequenceNo": "04040303",
                "parentNodeId": 650,
                "childTreeMenuDTOList": []
              }
            ]
          },
          {
            "id": 102326,
            "nodeEnDesc": "Ticket Entitlement",
            "nodeArDesc": "أحقية تذكرة سفر",
            "navigationPage": "hr/ticketing/ticketEntitlementHistory.xhtml",
            "sequenceNo": "040404",
            "parentNodeId": 163,
            "childTreeMenuDTOList": []
          }
        ]
      },
      {
        "id": 166,
        "nodeEnDesc": "Payroll",
        "nodeArDesc": "الرواتب والأجور والبدلات",
        "navigationPage": null,
        "sequenceNo": "0405",
        "parentNodeId": 143,
        "childTreeMenuDTOList": [
          {
            "id": 1977,
            "nodeEnDesc": "OverTime",
            "nodeArDesc": "العمل الاضافي",
            "navigationPage": null,
            "sequenceNo": "040501",
            "parentNodeId": 166,
            "childTreeMenuDTOList": [
              {
                "id": 2042,
                "nodeEnDesc": "Administration Requests",
                "nodeArDesc": "طلبات الإدارى",
                "navigationPage": "hr/overtime/WorkFlowOvertimeAdmin.xhtml",
                "sequenceNo": "04050101",
                "parentNodeId": 1977,
                "childTreeMenuDTOList": []
              },
              {
                "id": 2054,
                "nodeEnDesc": "Administrative Overtime",
                "nodeArDesc": "العمل الإضافي الإداري",
                "navigationPage": "hr/overtime/WorkFlowOvertimeApproveAdmin.xhtml",
                "sequenceNo": "04050102",
                "parentNodeId": 1977,
                "childTreeMenuDTOList": []
              },
              {
                "id": 2041,
                "nodeEnDesc": "Medical Requests",
                "nodeArDesc": "طلبات الطبي",
                "navigationPage": "hr/overtime/WorkFlowOvertimeMedical.xhtml",
                "sequenceNo": "04050103",
                "parentNodeId": 1977,
                "childTreeMenuDTOList": []
              },
              {
                "id": 102650,
                "nodeEnDesc": "Holiday overtime.net",
                "nodeArDesc": "العمل الإضافي للأعياد",
                "navigationPage": "psmmcapps.psmmc.med.sa/OTRequestSystem",
                "sequenceNo": "04050150",
                "parentNodeId": 1977,
                "childTreeMenuDTOList": []
              }
            ]
          },
          {
            "id": 2164,
            "nodeEnDesc": "Absence",
            "nodeArDesc": "التغيب عن العمل",
            "navigationPage": "hr/timesheet/absenteeism/absenteeismTabs.xhtml",
            "sequenceNo": "040502",
            "parentNodeId": 166,
            "childTreeMenuDTOList": []
          },
          {
            "id": 2173,
            "nodeEnDesc": "Manual Transaction",
            "nodeArDesc": "الإدخال اليدوي",
            "navigationPage": "hr/manualTransaction/manualTransactionTabs.xhtml",
            "sequenceNo": "040503",
            "parentNodeId": 166,
            "childTreeMenuDTOList": []
          },
          {
            "id": 2151,
            "nodeEnDesc": "Holding Salaries",
            "nodeArDesc": "توقيف الرواتب",
            "navigationPage": "hr/holdingSalaires/WorkFlowHoldingSalaires.xhtml",
            "sequenceNo": "040504",
            "parentNodeId": 166,
            "childTreeMenuDTOList": []
          },
          {
            "id": 102167,
            "nodeEnDesc": "School Fee",
            "nodeArDesc": "بدل المصرفات المدرسية ",
            "navigationPage": "hr/schoolFee/schoolFeeTabs.xhtml",
            "sequenceNo": "040505",
            "parentNodeId": 166,
            "childTreeMenuDTOList": []
          },
          {
            "id": 102172,
            "nodeEnDesc": "Run Payroll",
            "nodeArDesc": "تشغيل الرواتب",
            "navigationPage": "hr/runPayroll/runPayrollTabs.xhtml",
            "sequenceNo": "040506",
            "parentNodeId": 166,
            "childTreeMenuDTOList": []
          },
          {
            "id": 103070,
            "nodeEnDesc": "UGP Payrolls",
            "nodeArDesc": "مسيرات UGP",
            "navigationPage": "hr/ugpPayroll/ugpPayrollTabs.xhtml",
            "sequenceNo": "040507",
            "parentNodeId": 166,
            "childTreeMenuDTOList": []
          },
          {
            "id": 103390,
            "nodeEnDesc": "Exceptional Increment",
            "nodeArDesc": "العلاوات الاستثنائية",
            "navigationPage": "hr/payroll/exceptionalIncrement/exceptionalIncrementTabs.xhtml",
            "sequenceNo": "040516",
            "parentNodeId": 166,
            "childTreeMenuDTOList": []
          },
          {
            "id": 103550,
            "nodeEnDesc": "Business Leave Allowance Requests",
            "nodeArDesc": "طلبات بدل الإنتداب",
            "navigationPage": "hr/payroll/leaveBusinessAllowance/leaveBusinessAllowanceTabs.xhtml",
            "sequenceNo": "040517",
            "parentNodeId": 166,
            "childTreeMenuDTOList": []
          },
          {
            "id": 103572,
            "nodeEnDesc": "Excellence Allowance Requests",
            "nodeArDesc": "طلبات بدل التميز",
            "navigationPage": "hr/payroll/excellenceAllowance/excellenceAllowanceTabs.xhtml",
            "sequenceNo": "040518",
            "parentNodeId": 166,
            "childTreeMenuDTOList": []
          },
          {
            "id": 102159,
            "nodeEnDesc": "GOSI",
            "nodeArDesc": "التأمينات الاجتماعية",
            "navigationPage": "hr/gosi/gosiTabs.xhtml",
            "sequenceNo": "40508",
            "parentNodeId": 166,
            "childTreeMenuDTOList": []
          },
          {
            "id": 102247,
            "nodeEnDesc": "Termination",
            "nodeArDesc": "إنهاء التعاقد",
            "navigationPage": "underConstruction.xhtml",
            "sequenceNo": "40509",
            "parentNodeId": 166,
            "childTreeMenuDTOList": []
          },
          {
            "id": 102300,
            "nodeEnDesc": "Employee Deductions Schedule",
            "nodeArDesc": "جدولة حسميات الموظف",
            "navigationPage": "hr/employeeDeductionSchedule/employeeDeductionScheduleTabs.xhtml",
            "sequenceNo": "40510",
            "parentNodeId": 166,
            "childTreeMenuDTOList": []
          },
          {
            "id": 102558,
            "nodeEnDesc": "Backdate Request",
            "nodeArDesc": "طلبات الأثر الرجعي",
            "navigationPage": "hr/payroll/backdate/backdateRequestTabs.xhtml",
            "sequenceNo": "40511",
            "parentNodeId": 166,
            "childTreeMenuDTOList": []
          },
          {
            "id": 102736,
            "nodeEnDesc": "Management of Negative Salaries and Deportations",
            "nodeArDesc": "ادارة الرواتب السالبة والترحيلات",
            "navigationPage": "hr/runPayroll/negativeSalaries/negativeSalMngTabs.xhtml",
            "sequenceNo": "40512",
            "parentNodeId": 166,
            "childTreeMenuDTOList": []
          },
          {
            "id": 102751,
            "nodeEnDesc": "Leave Deductions Schedule",
            "nodeArDesc": "جدوله حسميات الإجازات",
            "navigationPage": "hr/payroll/schedule/scheduleTabs.xhtml",
            "sequenceNo": "40513",
            "parentNodeId": 166,
            "childTreeMenuDTOList": []
          },
          {
            "id": 102785,
            "nodeEnDesc": "Unworthy Payroll",
            "nodeArDesc": "رواتب غير مستحقه",
            "navigationPage": "hr/payroll/unworthy/unworthyTabs.xhtml",
            "sequenceNo": "40514",
            "parentNodeId": 166,
            "childTreeMenuDTOList": []
          }
        ]
      },
      {
        "id": 159,
        "nodeEnDesc": "Leave",
        "nodeArDesc": "الاجازات",
        "navigationPage": null,
        "sequenceNo": "0406",
        "parentNodeId": 143,
        "childTreeMenuDTOList": [
          {
            "id": 1943,
            "nodeEnDesc": "Official Holiday Setup",
            "nodeArDesc": "العطلات الرسمية",
            "navigationPage": "hr/leave/officialHolidaySetupTabs.xhtml",
            "sequenceNo": "040601",
            "parentNodeId": 159,
            "childTreeMenuDTOList": []
          },
          {
            "id": 1944,
            "nodeEnDesc": "Official Holiday Attendance",
            "nodeArDesc": "العمل خلال العطلات الرسمية",
            "navigationPage": "hr/leave/officialHolidayEmployeeAttendanceTabs.xhtml",
            "sequenceNo": "040602",
            "parentNodeId": 159,
            "childTreeMenuDTOList": []
          },
          {
            "id": 161,
            "nodeEnDesc": "Leave Request",
            "nodeArDesc": "طلب الاجازة",
            "navigationPage": "hr/leave/leaveRequestTabs.xhtml",
            "sequenceNo": "040603",
            "parentNodeId": 159,
            "childTreeMenuDTOList": []
          }
        ]
      },
      {
        "id": 102250,
        "nodeEnDesc": "Government Relation",
        "nodeArDesc": "العلاقات الحكومية",
        "navigationPage": null,
        "sequenceNo": "0407",
        "parentNodeId": 143,
        "childTreeMenuDTOList": [
          {
            "id": 102243,
            "nodeEnDesc": "Iqama Requests",
            "nodeArDesc": "طلبات الإقامة",
            "navigationPage": "underConstruction.xhtml",
            "sequenceNo": "040701",
            "parentNodeId": 102250,
            "childTreeMenuDTOList": []
          },
          {
            "id": 102244,
            "nodeEnDesc": "Exit Reentry Visa",
            "nodeArDesc": "طلب تأشيرة الخروج والعوة",
            "navigationPage": "underConstruction.xhtml",
            "sequenceNo": "040702",
            "parentNodeId": 102250,
            "childTreeMenuDTOList": []
          },
          {
            "id": 102245,
            "nodeEnDesc": "Visa New Staff",
            "nodeArDesc": "تأشيرة موظف جديد",
            "navigationPage": "underConstruction.xhtml",
            "sequenceNo": "040703",
            "parentNodeId": 102250,
            "childTreeMenuDTOList": []
          },
          {
            "id": 102246,
            "nodeEnDesc": "Visit Visa",
            "nodeArDesc": "تأشيرة زيارة",
            "navigationPage": "underConstruction.xhtml",
            "sequenceNo": "040704",
            "parentNodeId": 102250,
            "childTreeMenuDTOList": []
          },
          {
            "id": 102810,
            "nodeEnDesc": "Government Services Requests",
            "nodeArDesc": "طلبات الخدمات الحكومية",
            "navigationPage": "hr/governmentRelations/grRequestTabs.xhtml",
            "sequenceNo": "040705",
            "parentNodeId": 102250,
            "childTreeMenuDTOList": []
          }
        ]
      },
      {
        "id": 102834,
        "nodeEnDesc": "HR Process Management",
        "nodeArDesc": "إدارة عمليات الموارد البشرية",
        "navigationPage": "next.xhtml",
        "sequenceNo": "0409",
        "parentNodeId": 143,
        "childTreeMenuDTOList": [
          {
            "id": 102874,
            "nodeEnDesc": "PAMS",
            "nodeArDesc": "PAMS",
            "navigationPage": "next.xhtml",
            "sequenceNo": "040905",
            "parentNodeId": 102834,
            "childTreeMenuDTOList": []
          }
        ]
      },
      {
        "id": 103110,
        "nodeEnDesc": "Termination Request",
        "nodeArDesc": "إنهاء الخدمة",
        "navigationPage": null,
        "sequenceNo": "0410",
        "parentNodeId": 143,
        "childTreeMenuDTOList": [
          {
            "id": 103111,
            "nodeEnDesc": "Employee Department",
            "nodeArDesc": "إدارة الموظف",
            "navigationPage": "hr/nTerminationRequest/dept/deptTerminationRequestTabs.xhtml",
            "sequenceNo": "041002",
            "parentNodeId": 103110,
            "childTreeMenuDTOList": []
          },
          {
            "id": 103112,
            "nodeEnDesc": "Human Resource",
            "nodeArDesc": "الموارد البشرية",
            "navigationPage": "hr/nTerminationRequest/hr/hrTerminationRequestTabs.xhtml",
            "sequenceNo": "041003",
            "parentNodeId": 103110,
            "childTreeMenuDTOList": []
          },
          {
            "id": 103193,
            "nodeEnDesc": "Termination Approvals",
            "nodeArDesc": "موافقات الإنهاء",
            "navigationPage": "hr/nTerminationRequest/accept/acceptTerminationRequestTabs.xhtml",
            "sequenceNo": "041004",
            "parentNodeId": 103110,
            "childTreeMenuDTOList": []
          },
          {
            "id": 103270,
            "nodeEnDesc": "Salaries and Wages",
            "nodeArDesc": "الرواتب و الأجور",
            "navigationPage": "hr/nTerminationRequest/payroll/payrollTerminationRequestTabs.xhtml",
            "sequenceNo": "041005",
            "parentNodeId": 103110,
            "childTreeMenuDTOList": []
          },
          {
            "id": 103113,
            "nodeEnDesc": "Clearance Request",
            "nodeArDesc": "إخلاء الطرف",
            "navigationPage": "hr/nTerminationRequest/clearance/clearanceTabs.xhtml",
            "sequenceNo": "041006",
            "parentNodeId": 103110,
            "childTreeMenuDTOList": []
          }
        ]
      },
      {
        "id": 103372,
        "nodeEnDesc": "Termination Request Adjustment",
        "nodeArDesc": "تعديل طلب إنهاء الخدمة",
        "navigationPage": null,
        "sequenceNo": "0411",
        "parentNodeId": 143,
        "childTreeMenuDTOList": [
          {
            "id": 103373,
            "nodeEnDesc": "Employee Department",
            "nodeArDesc": "إدارة الموظف",
            "navigationPage": "hr/nTerminationRequest/dept/deptTerminationRequestTabs.xhtml",
            "sequenceNo": "041102",
            "parentNodeId": 103372,
            "childTreeMenuDTOList": []
          },
          {
            "id": 103378,
            "nodeEnDesc": "Human Resource",
            "nodeArDesc": "الموارد البشرية",
            "navigationPage": "hr/nTerminationRequest/hr/hrTerminationRequestTabs.xhtml",
            "sequenceNo": "041103",
            "parentNodeId": 103372,
            "childTreeMenuDTOList": []
          },
          {
            "id": 103384,
            "nodeEnDesc": "Termination Adjustment Approvals",
            "nodeArDesc": "موافقات تعديل الإنهاء",
            "navigationPage": "hr/nTerminationRequest/accept/acceptTerminationRequestTabs.xhtml",
            "sequenceNo": "041104",
            "parentNodeId": 103372,
            "childTreeMenuDTOList": []
          }
        ]
      },
      {
        "id": 104090,
        "nodeEnDesc": "Promotion",
        "nodeArDesc": "الترقيات",
        "navigationPage": null,
        "sequenceNo": "0413",
        "parentNodeId": 143,
        "childTreeMenuDTOList": [
          {
            "id": 104070,
            "nodeEnDesc": "Promotion Request",
            "nodeArDesc": "طلب ترقية",
            "navigationPage": "hr/promotion/promotionRequest/promoReqTabs.xhtml",
            "sequenceNo": "0413001",
            "parentNodeId": 104090,
            "childTreeMenuDTOList": []
          },
          {
            "id": 104091,
            "nodeEnDesc": "Announcements",
            "nodeArDesc": "الاعلانات",
            "navigationPage": "hr/promotion/announcement/announcementTabs.xhtml",
            "sequenceNo": "0413002",
            "parentNodeId": 104090,
            "childTreeMenuDTOList": []
          },
          {
            "id": 104097,
            "nodeEnDesc": "Candidates",
            "nodeArDesc": "المرشحين",
            "navigationPage": "hr/promotion/candidate/candidateTabs.xhtml",
            "sequenceNo": "0413003",
            "parentNodeId": 104090,
            "childTreeMenuDTOList": []
          },
          {
            "id": 104110,
            "nodeEnDesc": "Interview",
            "nodeArDesc": "المقابلات",
            "navigationPage": "hr/promotion/interview/interviewTabs.xhtml",
            "sequenceNo": "0413004",
            "parentNodeId": 104090,
            "childTreeMenuDTOList": []
          }
        ]
      },
      {
        "id": 104190,
        "nodeEnDesc": "Starting Work",
        "nodeArDesc": " المباشرة",
        "navigationPage": "hr/startingWork/startingWorkRequestsTabs.xhtml",
        "sequenceNo": "0414",
        "parentNodeId": 143,
        "childTreeMenuDTOList": []
      },
      {
        "id": 104210,
        "nodeEnDesc": "Recruitment Requests",
        "nodeArDesc": "طلبات التوظيف",
        "navigationPage": null,
        "sequenceNo": "0415",
        "parentNodeId": 143,
        "childTreeMenuDTOList": [
          {
            "id": 104211,
            "nodeEnDesc": "Recruitment Request",
            "nodeArDesc": "طلبات التوظيف",
            "navigationPage": "hr/nRecruitment/recruRequest/recruReqTabs.xhtml",
            "sequenceNo": "041501",
            "parentNodeId": 104210,
            "childTreeMenuDTOList": []
          },
          {
            "id": 104220,
            "nodeEnDesc": "Announcements",
            "nodeArDesc": "الاعلانات",
            "navigationPage": "hr/nRecruitment/recruAnnouncement/recruAnnouncementTabs.xhtml",
            "sequenceNo": "041502",
            "parentNodeId": 104210,
            "childTreeMenuDTOList": []
          },
          {
            "id": 104230,
            "nodeEnDesc": "Candidates",
            "nodeArDesc": "المرشحين",
            "navigationPage": "hr/nRecruitment/candidate/candidateTabs.xhtml",
            "sequenceNo": "041503",
            "parentNodeId": 104210,
            "childTreeMenuDTOList": []
          },
          {
            "id": 104250,
            "nodeEnDesc": "Interview",
            "nodeArDesc": "المقابلات",
            "navigationPage": "hr/nRecruitment/recruInterview/interviewTabs.xhtml",
            "sequenceNo": "041504",
            "parentNodeId": 104210,
            "childTreeMenuDTOList": []
          }
        ]
      },
      {
        "id": 103355,
        "nodeEnDesc": "Overtime System",
        "nodeArDesc": "نظام العمل الإضافى",
        "navigationPage": null,
        "sequenceNo": "412",
        "parentNodeId": 143,
        "childTreeMenuDTOList": [
          {
            "id": 103356,
            "nodeEnDesc": "Overtime",
            "nodeArDesc": "العمل الإضافى",
            "navigationPage": "tabs",
            "sequenceNo": "41201",
            "parentNodeId": 103355,
            "childTreeMenuDTOList": []
          }
        ]
      }
    ]
  },
  {
    "id": 102465,
    "nodeEnDesc": "System Admin",
    "nodeArDesc": "إدارة النظام",
    "navigationPage": null,
    "sequenceNo": "0408",
    "parentNodeId": null,
    "childTreeMenuDTOList": [
      {
        "id": 102466,
        "nodeEnDesc": "Leave manual transactions",
        "nodeArDesc": "الإدخال اليدوي للاجازات",
        "navigationPage": "hr/systemAdmin/leaveManualTransactions/leaveTransactionsTabs.xhtml",
        "sequenceNo": "040801",
        "parentNodeId": 102465,
        "childTreeMenuDTOList": []
      },
      {
        "id": 102497,
        "nodeEnDesc": "Administration",
        "nodeArDesc": "administration",
        "navigationPage": "system_admin/system_admin_tabs.xhtml",
        "sequenceNo": "040802",
        "parentNodeId": 102465,
        "childTreeMenuDTOList": []
      },
      {
        "id": 102886,
        "nodeEnDesc": "Salary Scale",
        "nodeArDesc": "مقياس الراتب",
        "navigationPage": "hr/admin/salaryScale/salaryScaleTabs.xhtml",
        "sequenceNo": "040803",
        "parentNodeId": 102465,
        "childTreeMenuDTOList": []
      }
    ]
  },
  {
    "id": 177,
    "nodeEnDesc": "Procurement and contracts",
    "nodeArDesc": "نظام المشتريات والعقود",
    "navigationPage": null,
    "sequenceNo": "05",
    "parentNodeId": null,
    "childTreeMenuDTOList": [
      {
        "id": 623,
        "nodeEnDesc": "Purchase requests",
        "nodeArDesc": "طلبات الشراء",
        "navigationPage": null,
        "sequenceNo": "0501",
        "parentNodeId": 177,
        "childTreeMenuDTOList": [
          {
            "id": 178,
            "nodeEnDesc": "Purchase Request For Stocked Items",
            "nodeArDesc": "طلب الشراء للبنود المخزنة",
            "navigationPage": "supplychain/purchasing/direct/pr/stocked/purchaseRequestTabs.xhtml",
            "sequenceNo": "050101",
            "parentNodeId": 623,
            "childTreeMenuDTOList": []
          },
          {
            "id": 582,
            "nodeEnDesc": "Purchase request for Direct issue items",
            "nodeArDesc": "طلب الشراء للبنود المعرفة غير المخزنة",
            "navigationPage": "supplychain/purchasing/direct/pr/direct/purchaseRequestTabs.xhtml",
            "sequenceNo": "050102",
            "parentNodeId": 623,
            "childTreeMenuDTOList": []
          },
          {
            "id": 583,
            "nodeEnDesc": "Purchase request for Non Formulary Medication",
            "nodeArDesc": "طلب الشراء  لبنود الأدوية",
            "navigationPage": "supplychain/purchasing/direct/pr/medical/purchaseRequestTabs.xhtml",
            "sequenceNo": "050103",
            "parentNodeId": 623,
            "childTreeMenuDTOList": []
          },
          {
            "id": 584,
            "nodeEnDesc": "Purchase request for Fixed assets",
            "nodeArDesc": "طلب الشراء للأصول الثابتة",
            "navigationPage": "purchasing/direct/pr/fixedassets/purchaseRequestTabs.xhtml",
            "sequenceNo": "050104",
            "parentNodeId": 623,
            "childTreeMenuDTOList": []
          },
          {
            "id": 585,
            "nodeEnDesc": "Purchase request for Services",
            "nodeArDesc": "طلب الشراء للخدمات",
            "navigationPage": "purchasing/direct/pr/services/purchaseRequestTabs.xhtml",
            "sequenceNo": "050105",
            "parentNodeId": 623,
            "childTreeMenuDTOList": []
          }
        ]
      },
      {
        "id": 187,
        "nodeEnDesc": "Tender and Contracts module",
        "nodeArDesc": "نظام المنافسات والعقود",
        "navigationPage": null,
        "sequenceNo": "0502",
        "parentNodeId": 177,
        "childTreeMenuDTOList": [
          {
            "id": 188,
            "nodeEnDesc": "Tender Processing",
            "nodeArDesc": "العمليات الأساسية للمنافسة",
            "navigationPage": "purchasing/tender/tenderRequest.xhtml",
            "sequenceNo": "050201",
            "parentNodeId": 187,
            "childTreeMenuDTOList": []
          },
          {
            "id": 189,
            "nodeEnDesc": "Contract Department",
            "nodeArDesc": "ادارة العقود العقود",
            "navigationPage": "purchasing/tender/contracting.xhtml",
            "sequenceNo": "050202",
            "parentNodeId": 187,
            "childTreeMenuDTOList": []
          },
          {
            "id": 1927,
            "nodeEnDesc": "Financial Commitment",
            "nodeArDesc": "الإرتباط المالي",
            "navigationPage": "purchasing/tender/financialCommitment.xhtml",
            "sequenceNo": "050203",
            "parentNodeId": 187,
            "childTreeMenuDTOList": []
          },
          {
            "id": 1751,
            "nodeEnDesc": "General Conditions  and Letters",
            "nodeArDesc": "الشروط العامة و الخطابات",
            "navigationPage": "purchasing/tender/conditionsLetters.xhtml",
            "sequenceNo": "050204",
            "parentNodeId": 187,
            "childTreeMenuDTOList": []
          }
        ]
      },
      {
        "id": 102115,
        "nodeEnDesc": "Purchasing Department",
        "nodeArDesc": "ادارة المشتريات",
        "navigationPage": null,
        "sequenceNo": "0503",
        "parentNodeId": 177,
        "childTreeMenuDTOList": [
          {
            "id": 621,
            "nodeEnDesc": "Acceptance",
            "nodeArDesc": "الموافقة",
            "navigationPage": "purchasing/direct/acceptance/acceptance_tabs.xhtml",
            "sequenceNo": "050301",
            "parentNodeId": 102115,
            "childTreeMenuDTOList": []
          },
          {
            "id": 184,
            "nodeEnDesc": "Purchase Order",
            "nodeArDesc": "أوامر الشراء",
            "navigationPage": null,
            "sequenceNo": "050302",
            "parentNodeId": 102115,
            "childTreeMenuDTOList": [
              {
                "id": 102256,
                "nodeEnDesc": "Request From Quotation",
                "nodeArDesc": "أومر الشراء من  العروض",
                "navigationPage": "supplychain/purchasing/po/rfq/rfqTabs.xhtml",
                "sequenceNo": "05030201",
                "parentNodeId": 184,
                "childTreeMenuDTOList": []
              },
              {
                "id": 102257,
                "nodeEnDesc": "Direct Purchase Order",
                "nodeArDesc": "أوامر الشراء المباشر",
                "navigationPage": "next.xhtml",
                "sequenceNo": "05030202",
                "parentNodeId": 184,
                "childTreeMenuDTOList": []
              },
              {
                "id": 102599,
                "nodeEnDesc": "Request Free of Charge",
                "nodeArDesc": "أمر شراء بدون تكلفة مالية",
                "navigationPage": "supplychain/purchasing/po/rfc/rfcTabs.xhtml",
                "sequenceNo": "05030203",
                "parentNodeId": 184,
                "childTreeMenuDTOList": []
              }
            ]
          }
        ]
      }
    ]
  },
  {
    "id": 192,
    "nodeEnDesc": "Material management system",
    "nodeArDesc": "نظام إدارة المواد",
    "navigationPage": null,
    "sequenceNo": "06",
    "parentNodeId": null,
    "childTreeMenuDTOList": [
      {
        "id": 193,
        "nodeEnDesc": "Product Category Tree",
        "nodeArDesc": "شجرة تصنيف المواد",
        "navigationPage": "warehousing/productCategory/productCategoryTreeTabs.xhtml",
        "sequenceNo": "0601",
        "parentNodeId": 192,
        "childTreeMenuDTOList": []
      },
      {
        "id": 194,
        "nodeEnDesc": "Product Maintenance",
        "nodeArDesc": "إدارة المادة",
        "navigationPage": "warehousing/product/productMaintenanceTabs.xhtml",
        "sequenceNo": "0602",
        "parentNodeId": 192,
        "childTreeMenuDTOList": []
      },
      {
        "id": 195,
        "nodeEnDesc": "Storing Product Maintenance",
        "nodeArDesc": "إدارة المادة المخزنة",
        "navigationPage": "warehousing/productStore/productStoreMaintenanceTabs.xhtml",
        "sequenceNo": "0603",
        "parentNodeId": 192,
        "childTreeMenuDTOList": []
      },
      {
        "id": 197,
        "nodeEnDesc": "Stock Adjustment",
        "nodeArDesc": "التعديل على الأرصدة",
        "navigationPage": "warehousing/transaction/stockAdjust/stockAdjustTabs.xhtml",
        "sequenceNo": "0604",
        "parentNodeId": 192,
        "childTreeMenuDTOList": []
      },
      {
        "id": 199,
        "nodeEnDesc": "Transfer between stores",
        "nodeArDesc": "نقل كميات بين المستودعات",
        "navigationPage": "warehousing/transaction/transfer/transferTabs.xhtml",
        "sequenceNo": "0605",
        "parentNodeId": 192,
        "childTreeMenuDTOList": []
      },
      {
        "id": 200,
        "nodeEnDesc": "Issuing Department Request",
        "nodeArDesc": "صرف طلبات الأقسام",
        "navigationPage": "warehousing/transaction/issuing/issuingRequestTabs.xhtml",
        "sequenceNo": "0606",
        "parentNodeId": 192,
        "childTreeMenuDTOList": []
      },
      {
        "id": 201,
        "nodeEnDesc": "Transfer between Locations",
        "nodeArDesc": "نقل كميات بين المواقع",
        "navigationPage": "warehousing/transaction/transferBtBin/transferBtBinTabs.xhtml",
        "sequenceNo": "0607",
        "parentNodeId": 192,
        "childTreeMenuDTOList": []
      },
      {
        "id": 202,
        "nodeEnDesc": "Department Request",
        "nodeArDesc": "طلبات الأقسام",
        "navigationPage": "warehousing/transaction/requestIssuing/departmentRequestTabs.xhtml",
        "sequenceNo": "0608",
        "parentNodeId": 192,
        "childTreeMenuDTOList": []
      },
      {
        "id": 1988,
        "nodeEnDesc": "Request New Product",
        "nodeArDesc": "طلب مادة جديدة",
        "navigationPage": "next.xhtml",
        "sequenceNo": "0609",
        "parentNodeId": 192,
        "childTreeMenuDTOList": []
      },
      {
        "id": 2034,
        "nodeEnDesc": "Patient Issue",
        "nodeArDesc": "صرف للمريض ",
        "navigationPage": "warehousing/xPatientIssue/xPatientIssueTabs.xhtml",
        "sequenceNo": "0610",
        "parentNodeId": 192,
        "childTreeMenuDTOList": []
      }
    ]
  },
  {
    "id": 102114,
    "nodeEnDesc": "E-Services",
    "nodeArDesc": "الخدمات الالكترونية",
    "navigationPage": null,
    "sequenceNo": "07",
    "parentNodeId": null,
    "childTreeMenuDTOList": [
      {
        "id": 1983,
        "nodeEnDesc": "Employee E-Services",
        "nodeArDesc": "الخدمات الالكترونية للموظف",
        "navigationPage": "eservices.xhtml",
        "sequenceNo": "0701",
        "parentNodeId": 102114,
        "childTreeMenuDTOList": []
      },
      {
        "id": 102118,
        "nodeEnDesc": "E-Purchasing",
        "nodeArDesc": "الشراء الآلي",
        "navigationPage": "eservices.xhtml",
        "sequenceNo": "0703",
        "parentNodeId": 102114,
        "childTreeMenuDTOList": []
      },
      {
        "id": 102140,
        "nodeEnDesc": "E-Assessment",
        "nodeArDesc": "خدمات التقييم للموظف",
        "navigationPage": "eassessment.xhtml",
        "sequenceNo": "0704",
        "parentNodeId": 102114,
        "childTreeMenuDTOList": []
      },
      {
        "id": 102141,
        "nodeEnDesc": "E-Ticketing",
        "nodeArDesc": "خدمات التذاكر للموظف",
        "navigationPage": "eticketing.xhtml",
        "sequenceNo": "0705",
        "parentNodeId": 102114,
        "childTreeMenuDTOList": []
      },
      {
        "id": 102142,
        "nodeEnDesc": "E-Housing",
        "nodeArDesc": "خدمة طلب بدل السكن",
        "navigationPage": "ehousing.xhtml",
        "sequenceNo": "0706",
        "parentNodeId": 102114,
        "childTreeMenuDTOList": []
      },
      {
        "id": 102143,
        "nodeEnDesc": "E-Leave",
        "nodeArDesc": "خدمة طلبات الاجازة",
        "navigationPage": "eleave.xhtml",
        "sequenceNo": "0707",
        "parentNodeId": 102114,
        "childTreeMenuDTOList": []
      }
    ]
  },
  {
    "id": 102635,
    "nodeEnDesc": "recruitment .net utilities",
    "nodeArDesc": "recruitment .net utilities",
    "navigationPage": null,
    "sequenceNo": "102635",
    "parentNodeId": null,
    "childTreeMenuDTOList": [
      {
        "id": 102636,
        "nodeEnDesc": "make post vacant",
        "nodeArDesc": "تحويل الوظيفة شاغرة",
        "navigationPage": "RecruitmentRRF/Main/PostVacant.aspx.xhtml",
        "sequenceNo": "10263501",
        "parentNodeId": 102635,
        "childTreeMenuDTOList": []
      }
    ]
  }
]
