{
  "hash": "ea6793f2",
  "configHash": "9fa5556b",
  "lockfileHash": "15119982",
  "browserHash": "38a6f1c7",
  "optimized": {
    "@angular/common/http": {
      "src": "../../../../../node_modules/@angular/common/fesm2022/http.mjs",
      "file": "@angular_common_http.js",
      "fileHash": "700eaf1a",
      "needsInterop": false
    },
    "@angular/core": {
      "src": "../../../../../node_modules/@angular/core/fesm2022/core.mjs",
      "file": "@angular_core.js",
      "fileHash": "72f75a94",
      "needsInterop": false
    },
    "@angular/material/tree": {
      "src": "../../../../../node_modules/@angular/material/fesm2022/tree.mjs",
      "file": "@angular_material_tree.js",
      "fileHash": "c7380227",
      "needsInterop": false
    },
    "@angular/platform-browser": {
      "src": "../../../../../node_modules/@angular/platform-browser/fesm2022/platform-browser.mjs",
      "file": "@angular_platform-browser.js",
      "fileHash": "47bb2531",
      "needsInterop": false
    },
    "@angular/platform-browser/animations/async": {
      "src": "../../../../../node_modules/@angular/platform-browser/fesm2022/animations/async.mjs",
      "file": "@angular_platform-browser_animations_async.js",
      "fileHash": "44539202",
      "needsInterop": false
    },
    "@angular/router": {
      "src": "../../../../../node_modules/@angular/router/fesm2022/router.mjs",
      "file": "@angular_router.js",
      "fileHash": "01feafc8",
      "needsInterop": false
    },
    "@ngx-translate/core": {
      "src": "../../../../../node_modules/@ngx-translate/core/dist/fesm2022/ngx-translate-core.mjs",
      "file": "@ngx-translate_core.js",
      "fileHash": "d676985c",
      "needsInterop": false
    },
    "@ngx-translate/http-loader": {
      "src": "../../../../../node_modules/@ngx-translate/http-loader/dist/fesm2022/ngx-translate-http-loader.mjs",
      "file": "@ngx-translate_http-loader.js",
      "fileHash": "87dc9d22",
      "needsInterop": false
    },
    "@angular/cdk/tree": {
      "src": "../../../../../node_modules/@angular/cdk/fesm2022/tree.mjs",
      "file": "@angular_cdk_tree.js",
      "fileHash": "f11f8177",
      "needsInterop": false
    },
    "@angular/material/icon": {
      "src": "../../../../../node_modules/@angular/material/fesm2022/icon.mjs",
      "file": "@angular_material_icon.js",
      "fileHash": "5bbea4e4",
      "needsInterop": false
    }
  },
  "chunks": {
    "browser-Z2Y2O3IW": {
      "file": "browser-Z2Y2O3IW.js"
    },
    "chunk-62FWUFMW": {
      "file": "chunk-62FWUFMW.js"
    },
    "chunk-RPYXKJI2": {
      "file": "chunk-RPYXKJI2.js"
    },
    "chunk-WKM2ASKB": {
      "file": "chunk-WKM2ASKB.js"
    },
    "chunk-YNUXFLNU": {
      "file": "chunk-YNUXFLNU.js"
    },
    "chunk-QUSU6RW3": {
      "file": "chunk-QUSU6RW3.js"
    },
    "chunk-DQQKU4C4": {
      "file": "chunk-DQQKU4C4.js"
    },
    "chunk-3C5D6BRC": {
      "file": "chunk-3C5D6BRC.js"
    },
    "chunk-J4B6MK7R": {
      "file": "chunk-J4B6MK7R.js"
    }
  }
}