{
  "hash": "19f28c3c",
  "configHash": "328671d2",
  "lockfileHash": "3d694c5a",
  "browserHash": "f0b5d49a",
  "optimized": {
    "@angular/core": {
      "src": "../../../../../node_modules/@angular/core/fesm2022/core.mjs",
      "file": "@angular_core.js",
      "fileHash": "e626d214",
      "needsInterop": false
    },
    "@angular/platform-browser": {
      "src": "../../../../../node_modules/@angular/platform-browser/fesm2022/platform-browser.mjs",
      "file": "@angular_platform-browser.js",
      "fileHash": "b4387d62",
      "needsInterop": false
    },
    "@angular/router": {
      "src": "../../../../../node_modules/@angular/router/fesm2022/router.mjs",
      "file": "@angular_router.js",
      "fileHash": "c840d83a",
      "needsInterop": false
    }
  },
  "chunks": {
    "chunk-P5WB54LL": {
      "file": "chunk-P5WB54LL.js"
    },
    "chunk-BNOYPYPL": {
      "file": "chunk-BNOYPYPL.js"
    }
  }
}