{
  "hash": "989f9236",
  "configHash": "f2f6b86a",
  "lockfileHash": "8456a293",
  "browserHash": "e9c45e62",
  "optimized": {
    "@angular/common/http": {
      "src": "../../../../../node_modules/@angular/common/fesm2022/http.mjs",
      "file": "@angular_common_http.js",
      "fileHash": "293949eb",
      "needsInterop": false
    },
    "@angular/core": {
      "src": "../../../../../node_modules/@angular/core/fesm2022/core.mjs",
      "file": "@angular_core.js",
      "fileHash": "912a7713",
      "needsInterop": false
    },
    "@angular/platform-browser": {
      "src": "../../../../../node_modules/@angular/platform-browser/fesm2022/platform-browser.mjs",
      "file": "@angular_platform-browser.js",
      "fileHash": "542a3285",
      "needsInterop": false
    },
    "@angular/router": {
      "src": "../../../../../node_modules/@angular/router/fesm2022/router.mjs",
      "file": "@angular_router.js",
      "fileHash": "31609721",
      "needsInterop": false
    },
    "@ngx-translate/core": {
      "src": "../../../../../node_modules/@ngx-translate/core/dist/fesm2022/ngx-translate-core.mjs",
      "file": "@ngx-translate_core.js",
      "fileHash": "a1b3f1b3",
      "needsInterop": false
    },
    "@ngx-translate/http-loader": {
      "src": "../../../../../node_modules/@ngx-translate/http-loader/dist/fesm2022/ngx-translate-http-loader.mjs",
      "file": "@ngx-translate_http-loader.js",
      "fileHash": "8314760e",
      "needsInterop": false
    }
  },
  "chunks": {
    "chunk-IZ3LEUNP": {
      "file": "chunk-IZ3LEUNP.js"
    },
    "chunk-DQAOW5SI": {
      "file": "chunk-DQAOW5SI.js"
    },
    "chunk-BNCZCSC5": {
      "file": "chunk-BNCZCSC5.js"
    },
    "chunk-J4B6MK7R": {
      "file": "chunk-J4B6MK7R.js"
    }
  }
}